{"cameraMode":{"drawMode":0,"name":"Shaded","section":"Shading Mode"},"sceneLighting":false,"audioPlay":false,"sceneViewState":{"showFog":true,"showMaterialUpdate":false,"showSkybox":false,"showFlares":true,"showImageEffects":true,"showParticleSystems":true},"in2DMode":false,"pivot":{"x":-0.015366609208285809,"y":0.06275448203086853,"z":-0.013816030696034432},"rotation":{"x":-0.016515707597136499,"y":0.9302175045013428,"z":-0.04217582195997238,"w":-0.36422473192214968},"size":0.1675737500190735,"orthographic":false}