{"cameraMode":{"drawMode":0,"name":"Shaded","section":"Shading Mode"},"sceneLighting":false,"audioPlay":false,"sceneViewState":{"showFog":true,"showMaterialUpdate":false,"showSkybox":false,"showFlares":true,"showImageEffects":true,"showParticleSystems":true},"in2DMode":false,"pivot":{"x":-0.00014102458953857422,"y":0.2988893687725067,"z":-0.0008609890937805176},"rotation":{"x":-0.09488315880298615,"y":0.8993595838546753,"z":-0.24340404570102693,"w":-0.3505876064300537},"size":1.3251769542694092,"orthographic":false}