{"cameraMode":{"drawMode":0,"name":"Shaded","section":"Shading Mode"},"sceneLighting":false,"audioPlay":false,"sceneViewState":{"showFog":true,"showMaterialUpdate":false,"showSkybox":false,"showFlares":true,"showImageEffects":true,"showParticleSystems":true},"in2DMode":false,"pivot":{"x":-0.6275564432144165,"y":0.4179408848285675,"z":1.3609932661056519},"rotation":{"x":-0.10305509716272354,"y":0.6826978921890259,"z":-0.09816363453865051,"w":-0.7167114615440369},"size":3.5804996490478517,"orthographic":false}