{"cameraMode":{"drawMode":0,"name":"Shaded","section":"Shading Mode"},"sceneLighting":false,"audioPlay":false,"sceneViewState":{"showFog":true,"showMaterialUpdate":false,"showSkybox":false,"showFlares":true,"showImageEffects":true,"showParticleSystems":true},"in2DMode":false,"pivot":{"x":0.0006070137023925781,"y":-1.958456039428711,"z":0.0},"rotation":{"x":-0.09488315880298615,"y":0.8993595838546753,"z":-0.24340404570102693,"w":-0.3505876064300537},"size":52.2374382019043,"orthographic":false}