{"cameraMode":{"drawMode":0,"name":"Shaded","section":"Shading Mode"},"sceneLighting":false,"audioPlay":false,"sceneViewState":{"showFog":true,"showMaterialUpdate":false,"showSkybox":false,"showFlares":true,"showImageEffects":true,"showParticleSystems":true},"in2DMode":false,"pivot":{"x":-3.17981219291687,"y":1.3910000324249268,"z":-4.321081638336182},"rotation":{"x":-0.13094551861286164,"y":-0.12072432786226273,"z":0.016066009178757669,"w":-0.9839046597480774},"size":0.27320191264152529,"orthographic":false}