{"cameraMode":{"drawMode":0,"name":"Shaded","section":"Shading Mode"},"sceneLighting":false,"audioPlay":false,"sceneViewState":{"showFog":true,"showMaterialUpdate":false,"showSkybox":false,"showFlares":true,"showImageEffects":true,"showParticleSystems":true},"in2DMode":false,"pivot":{"x":0.04478514939546585,"y":0.18584707379341126,"z":-0.046150267124176028},"rotation":{"x":-0.0012036915868520737,"y":0.9858545064926148,"z":0.007089079357683659,"w":0.16750474274158479},"size":0.2336917519569397,"orthographic":false}