{"cameraMode":{"drawMode":0,"name":"Shaded","section":"Shading Mode"},"sceneLighting":false,"audioPlay":false,"sceneViewState":{"showFog":true,"showMaterialUpdate":false,"showSkybox":false,"showFlares":true,"showImageEffects":true,"showParticleSystems":true},"in2DMode":false,"pivot":{"x":0.00017689168453216553,"y":0.04451766610145569,"z":-0.012572944164276123},"rotation":{"x":0.1075781062245369,"y":0.8570009469985962,"z":-0.19913212954998017,"w":0.46296513080596926},"size":0.18815994262695313,"orthographic":false}