{
    "name": "root",
    "gauges": {
        "Hummingbird.Policy.Entropy.mean": {
            "value": 1.2818787097930908,
            "min": 1.281841516494751,
            "max": 1.4230340719223022,
            "count": 500
        },
        "Hummingbird.Policy.ExtrinsicValueEstimate.mean": {
            "value": 0.7094722986221313,
            "min": -0.15093761682510376,
            "max": 0.738599956035614,
            "count": 500
        },
        "Hummingbird.Environment.EpisodeLength.mean": {
            "value": 999.0,
            "min": 999.0,
            "max": 999.0,
            "count": 500
        },
        "Hummingbird.Environment.CumulativeReward.mean": {
            "value": 6.942804572979609,
            "min": -1.5,
            "max": 8.499110044911504,
            "count": 500
        },
        "Hummingbird.Policy.ExtrinsicReward.mean": {
            "value": 6.942804572979609,
            "min": -1.5,
            "max": 8.499110044911504,
            "count": 500
        },
        "Hummingbird.IsTraining.mean": {
            "value": 1.0,
            "min": 1.0,
            "max": 1.0,
            "count": 500
        },
        "Hummingbird.Losses.ValueLoss.mean": {
            "value": 0.01156758051365614,
            "min": 3.074296910199337e-05,
            "max": 0.016942914575338364,
            "count": 238
        },
        "Hummingbird.Losses.PolicyLoss.mean": {
            "value": 0.015202540904283524,
            "min": 0.010904869996011257,
            "max": 0.022678382694721222,
            "count": 238
        },
        "Hummingbird.Policy.LearningRate.mean": {
            "value": 1.1146531164740736e-07,
            "min": 1.1146531164740736e-07,
            "max": 0.0002987328334711492,
            "count": 238
        },
        "Hummingbird.Policy.Epsilon.mean": {
            "value": 0.1000371128320694,
            "min": 0.1000371128320694,
            "max": 0.19957764446735382,
            "count": 238
        },
        "Hummingbird.Policy.Beta.mean": {
            "value": 1.1852378520416096e-05,
            "min": 1.1852378520416096e-05,
            "max": 0.004978922661393881,
            "count": 238
        }
    },
    "metadata": {
        "timer_format_version": "0.1.0",
        "start_time_seconds": "1601849942",
        "python_version": "3.7.9 (default, Aug 31 2020, 17:10:11) [MSC v.1916 64 bit (AMD64)]",
        "command_line_arguments": "C:\\Users\\Kayla\\anaconda3\\envs\\ml-agents-1.0\\Scripts\\mlagents-learn ./trainer_config.yaml --run-id hb_03",
        "mlagents_version": "0.20.0",
        "mlagents_envs_version": "0.20.0",
        "communication_protocol_version": "1.1.0",
        "tensorflow_version": "2.3.1",
        "numpy_version": "1.19.2",
        "end_time_seconds": "1601859746"
    },
    "total": 9804.3680749,
    "count": 1,
    "self": 0.20883879999928467,
    "children": {
        "run_training.setup": {
            "total": 0.011912399999999934,
            "count": 1,
            "self": 0.011912399999999934
        },
        "TrainerController.start_learning": {
            "total": 9804.147323700001,
            "count": 1,
            "self": 12.527593299737418,
            "children": {
                "TrainerController._reset_env": {
                    "total": 18.3932848,
                    "count": 1,
                    "self": 18.3932848
                },
                "TrainerController.advance": {
                    "total": 9773.032776000264,
                    "count": 625129,
                    "self": 6.148363299758785,
                    "children": {
                        "env_step": {
                            "total": 9766.884412700505,
                            "count": 625129,
                            "self": 9392.171495301063,
                            "children": {
                                "SubprocessEnvManager._take_step": {
                                    "total": 368.60796019992443,
                                    "count": 625129,
                                    "self": 12.674964000130956,
                                    "children": {
                                        "TFPolicy.evaluate": {
                                            "total": 355.9329961997935,
                                            "count": 625129,
                                            "self": 355.9329961997935
                                        }
                                    }
                                },
                                "workers": {
                                    "total": 6.104957199517177,
                                    "count": 625129,
                                    "self": 0.0,
                                    "children": {
                                        "worker_root": {
                                            "total": 9774.608116299503,
                                            "count": 625129,
                                            "is_parallel": true,
                                            "self": 978.9284777997582,
                                            "children": {
                                                "steps_from_proto": {
                                                    "total": 0.001087299999998237,
                                                    "count": 1,
                                                    "is_parallel": true,
                                                    "self": 0.0001852999999982785,
                                                    "children": {
                                                        "_process_vector_observation": {
                                                            "total": 0.0009019999999999584,
                                                            "count": 8,
                                                            "is_parallel": true,
                                                            "self": 0.0009019999999999584
                                                        }
                                                    }
                                                },
                                                "UnityEnvironment.step": {
                                                    "total": 8795.678551199746,
                                                    "count": 625129,
                                                    "is_parallel": true,
                                                    "self": 62.744520399832254,
                                                    "children": {
                                                        "UnityEnvironment._generate_step_input": {
                                                            "total": 47.15211319982957,
                                                            "count": 625129,
                                                            "is_parallel": true,
                                                            "self": 47.15211319982957
                                                        },
                                                        "communicator.exchange": {
                                                            "total": 8410.052718499748,
                                                            "count": 625129,
                                                            "is_parallel": true,
                                                            "self": 8410.052718499748
                                                        },
                                                        "steps_from_proto": {
                                                            "total": 275.7291991003368,
                                                            "count": 625129,
                                                            "is_parallel": true,