{"count":1,"self":5663.3110528,"total":9787.209894399999,"children":{"AgentSendState":{"count":3125651,"self":505.27201279999997,"total":1877.4008307,"children":{"CollectObservations":{"count":25005240,"self":160.1519104,"total":160.15190429999998,"children":null},"CollectDiscreteActionMasks":{"count":25005240,"self":67.0665664,"total":67.0665672,"children":null},"RayPerceptionSensor.Perceive":{"count":60012576,"self":783.84097279999992,"total":783.84096119999992,"children":null},"AgentInfo.ToProto":{"count":5001048,"self":37.725385599999996,"total":361.0693862,"children":{"GenerateSensorData":{"count":5001048,"self":113.87741439999999,"total":323.34400089999997,"children":{"RayPerceptionSensor.Perceive":{"count":15003144,"self":209.4665856,"total":209.4665852,"children":null}}}}}}},"DecideAction":{"count":3125651,"self":2075.2308224,"total":2075.2309037,"children":null},"AgentAct":{"count":3125651,"self":169.9771008,"total":171.267025,"children":{"RayPerceptionSensor.Perceive":{"count":60000,"self":0.8831428,"total":0.8831428,"children":null},"AgentInfo.ToProto":{"count":5000,"self":0.0553298,"total":0.4067866,"children":{"GenerateSensorData":{"count":5000,"self":0.1146333,"total":0.35145679999999996,"children":{"RayPerceptionSensor.Perceive":{"count":15000,"self":0.2368235,"total":0.2368235,"children":null}}}}}}}},"gauges":{"Hummingbird.CumulativeReward":{"count":25000,"max":11.699543,"min":-19,"runningAverage":1.09909749,"value":7.891717,"weightedAverage":6.11696053}},"metadata":{"timer_format_version":"0.1.0","start_time_seconds":"1601849959","unity_version":"2019.3.0f6","command_line_arguments":"C:\\Program Files\\Unity\\Hub\\Editor\\2019.3.0f6\\Editor\\Unity.exe -projectpath C:\/Users\/Kayla\/Desktop\/ML Prj\/FroggyDefender\/MLAgentGame\/MLGame -useHub -hubIPC -cloudEnvironment production -hubSessionId ef809da0-0686-11eb-93d4-f7673993e29a -accessToken ci5O4bJGpefpkdJIx6to9ClsDWbzzRPJZTYo58qzPjI001f","communication_protocol_version":"1.0.0","com.unity.ml-agents_version":"1.0.5","scene_name":"Training","end_time_seconds":"1601859746"}}