{
    "name": "root",
    "gauges": {
        "Hummingbird.Policy.Entropy.mean": {
            "value": 1.4165717363357544,
            "min": 1.4152082204818726,
            "max": 1.4189382791519165,
            "count": 13
        },
        "Hummingbird.Policy.ExtrinsicValueEstimate.mean": {
            "value": 0.0070485202595591545,
            "min": -0.12820248305797577,
            "max": 0.03099769353866577,
            "count": 13
        },
        "Hummingbird.Environment.EpisodeLength.mean": {
            "value": 999.0,
            "min": 999.0,
            "max": 999.0,
            "count": 13
        },
        "Hummingbird.Environment.CumulativeReward.mean": {
            "value": 0.0,
            "min": -1.56770721077919,
            "max": 0.0,
            "count": 13
        },
        "Hummingbird.Policy.ExtrinsicReward.mean": {
            "value": 0.0,
            "min": -1.56770721077919,
            "max": 0.0,
            "count": 13
        },
        "Hummingbird.IsTraining.mean": {
            "value": 1.0,
            "min": 1.0,
            "max": 1.0,
            "count": 13
        },
        "Hummingbird.Losses.ValueLoss.mean": {
            "value": 0.00017198920249938965,
            "min": 0.00017198920249938965,
            "max": 0.011937729083001614,
            "count": 6
        },
        "Hummingbird.Losses.PolicyLoss.mean": {
            "value": 0.016002720221877098,
            "min": 0.014792471192777157,
            "max": 0.021162213757634163,
            "count": 6
        },
        "Hummingbird.Policy.LearningRate.mean": {
            "value": 0.0002924314176198095,
            "min": 0.0002924314176198095,
            "max": 0.0002987328334711492,
            "count": 6
        },
        "Hummingbird.Policy.Epsilon.mean": {
            "value": 0.19747717678546906,
            "min": 0.19747717678546906,
            "max": 0.19957764446735382,
            "count": 6
        },
        "Hummingbird.Policy.Beta.mean": {
            "value": 0.004874108824878931,
            "min": 0.004874108824878931,
            "max": 0.004978922661393881,
            "count": 6
        }
    },
    "metadata": {
        "timer_format_version": "0.1.0",
        "start_time_seconds": "1601585091",
        "python_version": "3.7.9 (default, Aug 31 2020, 17:10:11) [MSC v.1916 64 bit (AMD64)]",
        "command_line_arguments": "C:\\Users\\Kayla\\anaconda3\\envs\\ml-agents-1.0\\Scripts\\mlagents-learn ./trainer_config.yaml --run-id hb_01",
        "mlagents_version": "0.20.0",
        "mlagents_envs_version": "0.20.0",
        "communication_protocol_version": "1.1.0",
        "tensorflow_version": "2.3.1",
        "numpy_version": "1.19.2",
        "end_time_seconds": "1601585338"
    },
    "total": 246.53341450000002,
    "count": 1,
    "self": 0.004995900000011488,
    "children": {
        "run_training.setup": {
            "total": 0.004924600000000057,
            "count": 1,
            "self": 0.004924600000000057
        },
        "TrainerController.start_learning": {
            "total": 246.523494,
            "count": 1,
            "self": 0.33923439999998095,
            "children": {
                "TrainerController._reset_env": {
                    "total": 35.492525799999996,
                    "count": 1,
                    "self": 35.492525799999996
                },
                "TrainerController.advance": {
                    "total": 210.44913410000004,
                    "count": 16811,
                    "self": 0.17944950000006088,
                    "children": {
                        "env_step": {
                            "total": 210.26968459999998,
                            "count": 16811,
                            "self": 200.5393984000001,
                            "children": {
                                "SubprocessEnvManager._take_step": {
                                    "total": 9.561803399999896,
                                    "count": 16811,
                                    "self": 0.34512229999928223,
                                    "children": {
                                        "TFPolicy.evaluate": {
                                            "total": 9.216681100000613,
                                            "count": 16811,
                                            "self": 9.216681100000613
                                        }
                                    }
                                },
                                "workers": {
                                    "total": 0.1684827999999854,
                                    "count": 16810,
                                    "self": 0.0,
                                    "children": {
                                        "worker_root": {
                                            "total": 211.25747949999885,
                                            "count": 16810,
                                            "is_parallel": true,
                                            "self": 26.235415799998492,
                                            "children": {
                                                "steps_from_proto": {
                                                    "total": 0.000701400000004071,
                                                    "count": 1,
                                                    "is_parallel": true,
                                                    "self": 0.00018530000001248936,
                                                    "children": {
                                                        "_process_vector_observation": {
                                                            "total": 0.0005160999999915816,
                                                            "count": 8,
                                                            "is_parallel": true,
                                                            "self": 0.0005160999999915816
                                                        }
                                                    }
                                                },
                                                "UnityEnvironment.step": {
                                                    "total": 185.02136230000036,
                                                    "count": 16810,
                                                    "is_parallel": true,
                                                    "self": 1.6828219000028355,
                                                    "children": {
                                                        "UnityEnvironment._generate_step_input": {
                                                            "total": 1.3323279999983484,
                                                            "count": 16810,
                                                            "is_parallel": true,
                                                            "self": 1.3323279999983484
                                                        },
                                                        "communicator.exchange": {
                                                            "total": 174.49802669999977,
                                                            "count": 16810,
                                                            "is_parallel": true,
                                                            "self": 174.49802669999977
                                                        },
                                                        "steps_from_proto": {
                                                            "total": 7.508185699999416,
                                                            "count": 16810,
                                                            "is_parallel": true,